p3,a,b,p1,p2,F1,F2,F3,F3_med,F3_95,F4
0.100,0.100,0.100,0.010,0.010,0.1314,52347.1,3179.9,4566.8,8260.0,41.8
0.100,0.100,0.200,0.010,0.020,0.1278,52456.1,2960.0,4324.2,7877.3,43.7
0.100,0.100,0.300,0.010,0.030,0.1230,52386.1,2814.9,4134.1,7549.3,42.9
0.100,0.100,0.400,0.010,0.040,0.1202,52480.8,2624.6,3899.7,7151.6,44.6
0.100,0.100,0.500,0.010,0.050,0.1160,52441.5,2469.0,3698.9,6852.7,44.0
0.100,0.100,0.600,0.010,0.060,0.1131,52481.0,2348.0,3570.2,6586.8,44.0
0.100,0.100,0.700,0.010,0.070,0.1106,52608.3,2255.4,3424.0,6413.7,46.8
0.100,0.100,0.800,0.010,0.080,0.1070,52564.2,2114.0,3251.4,6144.6,46.8
0.100,0.100,0.900,0.010,0.090,0.1047,52615.7,2053.6,3180.5,5947.9,46.5
0.100,0.100,1.000,0.010,0.100,0.1021,52599.0,1943.8,3052.4,5779.0,46.3
0.100,0.200,0.200,0.020,0.020,0.1307,52429.0,2937.0,4381.8,7905.8,42.6
0.100,0.200,0.300,0.020,0.030,0.1255,52453.5,2736.7,4089.7,7491.2,44.2
0.100,0.200,0.400,0.020,0.040,0.1215,52440.0,2566.8,3873.5,7149.5,42.9
0.100,0.200,0.500,0.020,0.050,0.1185,52455.8,2433.8,3724.5,6898.7,43.5
0.100,0.200,0.600,0.020,0.060,0.1155,52531.9,2329.6,3589.3,6658.4,45.4
0.100,0.200,0.700,0.020,0.070,0.1111,52504.4,2184.4,3403.2,6360.4,45.1
0.100,0.200,0.800,0.020,0.080,0.1089,52595.6,2084.2,3258.8,6162.1,47.8
0.100,0.200,0.900,0.020,0.090,0.1058,52615.6,2019.2,3169.3,6015.8,47.7
0.100,0.200,1.000,0.020,0.100,0.1033,52615.6,1941.2,3062.7,5794.5,46.2
0.100,0.300,0.300,0.030,0.030,0.1276,52403.2,2686.8,4123.3,7559.9,42.5
0.100,0.300,0.400,0.030,0.040,0.1219,52426.9,2520.1,3888.5,7159.3,44.2
0.100,0.300,0.500,0.030,0.050,0.1187,52450.2,2419.4,3734.6,6941.4,44.2
0.100,0.300,0.600,0.030,0.060,0.1146,52484.5,2259.9,3539.2,6563.1,45.2
0.100,0.300,0.700,0.030,0.070,0.1119,52553.8,2189.9,3439.1,6425.2,44.6
0.100,0.300,0.800,0.030,0.080,0.1092,52633.4,2066.5,3267.9,6143.1,47.1
0.100,0.300,0.900,0.030,0.090,0.1070,52488.9,1997.4,3182.2,5985.7,45.3
0.100,0.300,1.000,0.030,0.100,0.1046,52621.4,1913.2,3089.1,5827.5,46.7
0.100,0.400,0.400,0.040,0.040,0.1235,52466.9,2521.5,3908.5,7195.8,44.7
0.100,0.400,0.500,0.040,0.050,0.1198,52482.3,2397.1,3749.9,6903.8,43.5
0.100,0.400,0.600,0.040,0.060,0.1162,52494.5,2238.7,3558.6,6617.8,44.2
0.100,0.400,0.700,0.040,0.070,0.1139,52538.1,2176.3,3458.4,6467.2,46.4
0.100,0.400,0.800,0.040,0.080,0.1099,52549.9,2052.6,3299.9,6212.1,45.2
0.100,0.400,0.900,0.040,0.090,0.1083,52601.8,1973.1,3196.4,6005.5,46.0
0.100,0.400,1.000,0.040,0.100,0.1053,52569.2,1875.0,3082.9,5844.5,45.9
0.100,0.500,0.500,0.050,0.050,0.1216,52513.2,2336.3,3729.6,6936.9,44.5
0.100,0.500,0.600,0.050,0.060,0.1191,52489.0,2226.7,3594.8,6670.0,44.3
0.100,0.500,0.700,0.050,0.070,0.1150,52551.2,2113.3,3431.6,6421.6,45.5
0.100,0.500,0.800,0.050,0.080,0.1112,52565.8,2021.0,3302.7,6214.4,45.9
0.100,0.500,0.900,0.050,0.090,0.1094,52575.1,1945.4,3186.3,5978.3,45.3
0.100,0.500,1.000,0.050,0.100,0.1058,52601.0,1854.4,3053.3,5817.3,46.1
0.100,0.600,0.600,0.060,0.060,0.1199,52494.4,2182.0,3557.1,6647.0,44.4
0.100,0.600,0.700,0.060,0.070,0.1161,52522.0,2062.1,3424.4,6397.9,45.4
0.100,0.600,0.800,0.060,0.080,0.1118,52516.4,2009.3,3301.2,6205.5,46.1
0.100,0.600,0.900,0.060,0.090,0.1098,52647.4,1943.4,3207.2,6053.7,46.6
0.100,0.600,1.000,0.060,0.100,0.1056,52568.3,1838.9,3073.9,5837.5,46.0
0.100,0.700,0.700,0.070,0.070,0.1152,52530.3,2055.2,3427.6,6447.8,45.9
0.100,0.700,0.800,0.070,0.080,0.1123,52586.1,1958.4,3280.2,6192.3,47.2
0.100,0.700,0.900,0.070,0.090,0.1101,52551.5,1884.0,3190.0,5991.3,44.9
0.100,0.700,1.000,0.070,0.100,0.1065,52612.0,1813.7,3051.0,5876.5,46.7
0.100,0.800,0.800,0.080,0.080,0.1139,52512.7,1980.6,3345.8,6280.3,45.1
0.100,0.800,0.900,0.080,0.090,0.1107,52503.1,1864.6,3178.2,6062.7,44.6
0.100,0.800,1.000,0.080,0.100,0.1075,52658.6,1798.9,3082.0,5860.0,46.8
0.100,0.900,0.900,0.090,0.090,0.1114,52567.2,1873.9,3188.5,6051.6,45.5
0.100,0.900,1.000,0.090,0.100,0.1088,52562.8,1771.7,3080.3,5884.7,45.0
0.100,1.000,1.000,0.100,0.100,0.1107,52636.9,1803.5,3136.1,5942.1,47.3
0.200,0.100,0.100,0.020,0.020,0.0973,52675.6,1720.4,2784.1,5356.7,48.0
0.200,0.100,0.200,0.020,0.040,0.0945,52640.4,1634.3,2674.8,5145.2,47.6
0.200,0.100,0.300,0.020,0.060,0.0910,52791.3,1557.5,2550.4,4979.6,49.1
0.200,0.100,0.400,0.020,0.080,0.0892,52765.8,1458.3,2452.9,4811.4,49.9
0.200,0.100,0.500,0.020,0.100,0.0854,52880.1,1377.4,2328.6,4618.0,51.4
0.200,0.100,0.600,0.020,0.120,0.0842,52797.6,1313.2,2246.2,4458.3,49.5
0.200,0.100,0.700,0.020,0.140,0.0811,52859.4,1245.7,2145.0,4301.6,51.4
0.200,0.100,0.800,0.020,0.160,0.0800,52861.1,1206.4,2084.5,4216.2,51.6
0.200,0.100,0.900,0.020,0.180,0.0785,52855.3,1156.4,2019.3,4085.0,51.0
0.200,0.100,1.000,0.020,0.200,0.0763,52913.7,1092.9,1936.4,3980.9,52.0
0.200,0.200,0.200,0.040,0.040,0.0958,52722.2,1598.0,2673.2,5185.3,48.4
0.200,0.200,0.300,0.040,0.060,0.0928,52669.4,1512.3,2550.4,4971.4,47.5
0.200,0.200,0.400,0.040,0.080,0.0897,52782.3,1420.0,2444.2,4780.5,47.5
0.200,0.200,0.500,0.040,0.100,0.0866,52831.8,1343.7,2327.4,4592.8,50.8
0.200,0.200,0.600,0.040,0.120,0.0844,52853.0,1295.8,2255.5,4451.9,51.6
0.200,0.200,0.700,0.040,0.140,0.0828,52823.0,1243.6,2163.6,4331.3,51.4
0.200,0.200,0.800,0.040,0.160,0.0813,52946.3,1182.8,2092.9,4237.9,50.6
0.200,0.200,0.900,0.040,0.180,0.0789,52855.6,1132.5,2008.8,4081.1,51.1
0.200,0.200,1.000,0.040,0.200,0.0772,52928.6,1096.1,1964.7,3976.3,52.9
0.200,0.300,0.300,0.060,0.060,0.0929,52788.7,1475.5,2548.5,4965.4,49.7
0.200,0.300,0.400,0.060,0.080,0.0906,52701.9,1414.2,2436.1,4786.6,48.3
0.200,0.300,0.500,0.060,0.100,0.0872,52823.9,1334.6,2330.6,4609.7,49.9
0.200,0.300,0.600,0.060,0.120,0.0851,52727.7,1266.2,2231.5,4457.4,48.1
0.200,0.300,0.700,0.060,0.140,0.0831,52829.4,1215.1,2151.1,4341.2,50.8
0.200,0.300,0.800,0.060,0.160,0.0810,52802.8,1166.4,2092.6,4231.5,49.1
0.200,0.300,0.900,0.060,0.180,0.0795,52884.5,1124.8,2036.6,4132.1,52.7
0.200,0.300,1.000,0.060,0.200,0.0772,52939.0,1065.1,1934.6,3982.2,52.2
0.200,0.400,0.400,0.080,0.080,0.0920,52722.8,1393.8,2463.7,4810.8,49.5
0.200,0.400,0.500,0.080,0.100,0.0886,52797.9,1330.5,2357.1,4660.8,49.9
0.200,0.400,0.600,0.080,0.120,0.0863,52822.2,1277.5,2269.5,4488.6,50.2
0.200,0.400,0.700,0.080,0.140,0.0838,52860.4,1202.2,2169.7,4360.9,50.4
0.200,0.400,0.800,0.080,0.160,0.0827,52835.3,1180.0,2109.3,4268.6,52.2
0.200,0.400,0.900,0.080,0.180,0.0800,52995.1,1124.9,2033.9,4144.6,53.0
0.200,0.400,1.000,0.080,0.200,0.0782,52861.2,1076.8,1953.1,3968.7,51.3
0.200,0.500,0.500,0.100,0.100,0.0888,52766.9,1300.7,2334.2,4608.1,49.8
0.200,0.500,0.600,0.100,0.120,0.0873,52798.0,1259.4,2265.4,4509.6,50.3
0.200,0.500,0.700,0.100,0.140,0.0838,52832.3,1192.8,2170.7,4315.1,50.8
0.200,0.500,0.800,0.100,0.160,0.0828,52907.9,1137.0,2105.6,4239.2,51.3
0.200,0.500,0.900,0.100,0.180,0.0808,52884.0,1120.1,2054.9,4156.8,52.1
0.200,0.500,1.000,0.100,0.200,0.0792,52915.9,1062.1,1977.2,4043.4,53.0
0.200,0.600,0.600,0.120,0.120,0.0872,52750.9,1232.0,2265.2,4499.5,48.5
0.200,0.600,0.700,0.120,0.140,0.0843,52850.9,1177.6,2185.3,4380.9,51.7
0.200,0.600,0.800,0.120,0.160,0.0829,52876.8,1128.4,2101.5,4225.3,52.3
0.200,0.600,0.900,0.120,0.180,0.0808,52864.5,1089.2,2038.4,4102.2,51.5
0.200,0.600,1.000,0.120,0.200,0.0788,52897.6,1058.3,1970.6,3994.7,52.3
0.200,0.700,0.700,0.140,0.140,0.0860,52810.9,1179.5,2207.8,4407.8,49.9
0.200,0.700,0.800,0.140,0.160,0.0831,52836.5,1116.0,2092.2,4225.3,51.2
0.200,0.700,0.900,0.140,0.180,0.0818,52842.6,1067.6,2032.2,4158.7,51.3
0.200,0.700,1.000,0.140,0.200,0.0790,52875.8,1027.4,1956.3,3979.7,53.0
0.200,0.800,0.800,0.160,0.160,0.0837,52814.1,1112.7,2124.8,4278.2,50.0
0.200,0.800,0.900,0.160,0.180,0.0820,52888.1,1087.9,2064.9,4139.0,52.4
0.200,0.800,1.000,0.160,0.200,0.0813,52857.8,1045.5,1995.4,4031.7,52.0
0.200,0.900,0.900,0.180,0.180,0.0826,52748.9,1061.1,2058.5,4122.7,50.0
0.200,0.900,1.000,0.180,0.200,0.0813,52889.3,1031.3,1996.3,4037.3,53.4
0.200,1.000,1.000,0.200,0.200,0.0815,52839.9,1033.6,2009.5,4068.8,50.4
0.300,0.100,0.100,0.030,0.030,0.0810,52958.0,1213.3,2124.7,4274.7,52.3
0.300,0.100,0.200,0.030,0.060,0.0791,52938.5,1159.5,2038.2,4130.1,52.8
0.300,0.100,0.300,0.030,0.090,0.0766,52899.8,1106.0,1949.9,3965.7,51.2
0.300,0.100,0.400,0.030,0.120,0.0754,52983.8,1056.9,1886.7,3900.9,53.7
0.300,0.100,0.500,0.030,0.150,0.0730,53060.0,987.0,1803.7,3745.8,55.0
0.300,0.100,0.600,0.030,0.180,0.0718,52942.9,940.6,1751.4,3641.1,53.1
0.300,0.100,0.700,0.030,0.210,0.0693,53051.6,913.4,1691.1,3567.1,55.2
0.300,0.100,0.800,0.030,0.240,0.0685,53108.7,875.9,1650.2,3454.8,56.3
0.300,0.100,0.900,0.030,0.270,0.0666,53056.7,854.0,1598.7,3354.7,55.2
0.300,0.100,1.000,0.030,0.300,0.0660,53136.1,821.3,1559.5,3322.3,55.7
0.300,0.200,0.200,0.060,0.060,0.0805,52913.1,1146.5,2055.7,4141.4,51.4
0.300,0.200,0.300,0.060,0.090,0.0776,52996.9,1085.4,1960.0,3990.1,53.2
0.300,0.200,0.400,0.060,0.120,0.0751,52949.1,994.4,1856.6,3809.9,52.6
0.300,0.200,0.500,0.060,0.150,0.0737,53037.4,995.5,1821.4,3766.5,55.2
0.300,0.200,0.600,0.060,0.180,0.0719,53009.8,949.0,1765.6,3642.2,55.9
0.300,0.200,0.700,0.060,0.210,0.0707,53025.8,920.8,1715.7,3550.4,54.1
0.300,0.200,0.800,0.060,0.240,0.0685,53110.6,883.6,1656.5,3492.4,55.0
0.300,0.200,0.900,0.060,0.270,0.0674,53059.3,849.0,1604.6,3367.6,55.0
0.300,0.200,1.000,0.060,0.300,0.0662,53138.1,813.3,1561.8,3317.0,56.3
0.300,0.300,0.300,0.090,0.090,0.0774,52892.3,1057.9,1935.1,3960.4,51.1
0.300,0.300,0.400,0.090,0.120,0.0761,52975.3,1004.5,1869.9,3853.9,53.3
0.300,0.300,0.500,0.090,0.150,0.0741,53013.7,992.2,1845.0,3779.6,54.0
0.300,0.300,0.600,0.090,0.180,0.0729,52976.7,932.2,1770.6,3667.5,54.2
0.300,0.300,0.700,0.090,0.210,0.0711,52997.0,903.7,1715.9,3589.4,53.0
0.300,0.300,0.900,0.090,0.270,0.0685,53050.1,850.1,1632.1,3418.6,54.8
0.300,0.300,1.000,0.090,0.300,0.0669,53174.7,806.3,1574.8,3346.4,57.5
0.300,0.400,0.400,0.120,0.120,0.0761,52964.3,1001.8,1885.3,3880.5,52.8
0.300,0.400,0.500,0.120,0.150,0.0755,52997.4,989.0,1860.2,3803.5,54.2
0.300,0.400,0.600,0.120,0.180,0.0722,52996.2,908.0,1744.0,3657.3,53.6
0.300,0.400,0.700,0.120,0.210,0.0712,52985.9,886.7,1701.0,3572.2,54.0
0.300,0.400,0.800,0.120,0.240,0.0695,53077.1,857.4,1656.9,3473.4,55.7
0.300,0.400,0.900,0.120,0.270,0.0682,53025.1,839.3,1615.5,3404.8,53.1
0.300,0.400,1.000,0.120,0.300,0.0676,53103.9,801.3,1572.7,3333.3,55.4
0.300,0.500,0.500,0.150,0.150,0.0747,52952.2,947.4,1824.5,3779.4,52.7
0.300,0.500,0.600,0.150,0.180,0.0731,52902.5,912.4,1765.9,3660.2,51.8
0.300,0.500,0.700,0.150,0.210,0.0721,52918.4,888.6,1720.6,3562.8,52.8
0.300,0.500,0.800,0.150,0.240,0.0702,53064.2,854.7,1665.7,3521.9,54.8
0.300,0.500,0.900,0.150,0.270,0.0680,53056.1,814.1,1604.9,3391.6,54.5
0.300,0.500,1.000,0.150,0.300,0.0668,53112.6,794.2,1573.6,3337.8,55.0
0.300,0.600,0.600,0.180,0.180,0.0743,52924.5,911.9,1778.9,3669.9,53.0
0.300,0.600,0.700,0.180,0.210,0.0721,52952.5,875.1,1734.0,3597.6,52.7
0.300,0.600,0.800,0.180,0.240,0.0697,53030.0,835.2,1658.5,3487.9,53.7
0.300,0.600,0.900,0.180,0.270,0.0693,53117.0,827.6,1640.1,3429.4,56.0
0.300,0.600,1.000,0.180,0.300,0.0674,52994.3,798.1,1583.6,3337.4,54.4
0.300,0.700,0.700,0.210,0.210,0.0730,52995.5,875.4,1730.9,3617.3,53.3
0.300,0.700,0.800,0.210,0.240,0.0709,52903.5,847.2,1666.4,3483.5,51.9
0.300,0.700,0.900,0.210,0.270,0.0690,52973.3,810.0,1625.4,3389.1,54.1
0.300,0.700,1.000,0.210,0.300,0.0686,53054.0,790.8,1587.9,3382.0,55.0
0.300,0.800,0.800,0.240,0.240,0.0714,52928.7,818.2,1662.8,3503.8,53.1
0.300,0.800,0.900,0.240,0.270,0.0704,53024.4,816.2,1639.0,3465.6,55.4
0.300,0.800,1.000,0.240,0.300,0.0684,53019.5,778.1,1579.3,3332.5,54.2
0.300,0.900,0.900,0.270,0.270,0.0707,52923.9,810.5,1633.7,3434.7,51.9
0.300,0.900,1.000,0.270,0.300,0.0689,53020.1,768.1,1579.1,3315.0,54.4
0.300,1.000,1.000,0.300,0.300,0.0686,53046.6,759.7,1572.6,3347.4,55.1
0.400,0.100,0.100,0.040,0.040,0.0714,53021.2,963.5,1773.8,3660.2,53.9
0.400,0.100,0.200,0.040,0.080,0.0703,53052.2,922.3,1724.4,3547.7,55.7
0.400,0.100,0.300,0.040,0.120,0.0680,53035.7,875.4,1637.7,3439.6,55.0
0.400,0.100,0.400,0.040,0.160,0.0665,53093.7,834.8,1586.8,3353.6,56.3
0.400,0.100,0.500,0.040,0.200,0.0656,53111.2,808.8,1526.4,3279.8,55.4
0.400,0.100,0.600,0.040,0.240,0.0635,53103.7,777.2,1496.7,3207.7,56.3
0.400,0.100,0.700,0.040,0.280,0.0631,53241.2,759.7,1458.6,3144.2,58.4
0.400,0.100,0.800,0.040,0.320,0.0616,53101.6,733.1,1412.8,3059.1,54.4
0.400,0.100,0.900,0.040,0.360,0.0608,53200.9,701.6,1376.7,2988.3,58.6
0.400,0.100,1.000,0.040,0.400,0.0599,53268.9,685.8,1347.7,2931.1,59.8
0.400,0.200,0.200,0.080,0.080,0.0712,53075.0,901.5,1700.8,3549.5,56.4
0.400,0.200,0.300,0.080,0.120,0.0690,53072.5,865.1,1649.9,3461.4,55.6
0.400,0.200,0.400,0.080,0.160,0.0673,53077.5,826.1,1580.2,3354.8,55.7
0.400,0.200,0.500,0.080,0.200,0.0665,53128.1,804.1,1544.6,3291.3,56.5
0.400,0.200,0.600,0.080,0.240,0.0634,53086.5,758.6,1467.9,3140.1,55.3
0.400,0.200,0.700,0.080,0.280,0.0631,53104.1,747.3,1472.7,3132.1,55.2
0.400,0.200,0.800,0.080,0.320,0.0621,53181.9,733.3,1432.9,3048.9,56.7
0.400,0.200,0.900,0.080,0.360,0.0616,53203.2,718.0,1414.5,3008.7,56.8
0.400,0.200,1.000,0.080,0.400,0.0598,53218.7,688.0,1361.6,2916.6,59.4
0.400,0.300,0.300,0.120,0.120,0.0700,53065.7,858.8,1673.6,3503.0,54.4
0.400,0.300,0.400,0.120,0.160,0.0679,53129.8,831.1,1614.0,3374.9,56.2
0.400,0.300,0.500,0.120,0.200,0.0670,53180.6,804.9,1565.6,3313.9,56.0
0.400,0.300,0.600,0.120,0.240,0.0646,53068.4,763.1,1504.9,3196.2,56.8
0.400,0.300,0.700,0.120,0.280,0.0638,53175.0,747.7,1474.2,3152.0,56.7
0.400,0.300,0.800,0.120,0.320,0.0622,53208.0,708.3,1424.7,3078.8,57.8
0.400,0.300,0.900,0.120,0.360,0.0623,53222.2,708.2,1421.2,3037.6,58.6
0.400,0.300,1.000,0.120,0.400,0.0606,53285.4,680.3,1378.7,2980.4,60.0
0.400,0.400,0.400,0.160,0.160,0.0682,53092.1,818.9,1612.4,3378.6,56.0
0.400,0.400,0.500,0.160,0.200,0.0665,53119.3,789.6,1554.3,3296.7,55.3
0.400,0.400,0.600,0.160,0.240,0.0648,53096.1,765.7,1510.5,3203.5,56.1
0.400,0.400,0.700,0.160,0.280,0.0640,53126.6,734.3,1463.2,3139.0,56.7
0.400,0.400,0.800,0.160,0.320,0.0623,53104.9,724.2,1432.7,3070.3,56.1
0.400,0.400,0.900,0.160,0.360,0.0616,53101.4,690.0,1398.6,2999.2,56.3
0.400,0.400,1.000,0.160,0.400,0.0611,53219.7,679.6,1368.7,2979.0,57.8
0.400,0.500,0.500,0.200,0.200,0.0677,53067.5,790.1,1560.0,3317.4,54.3
0.400,0.500,0.600,0.200,0.240,0.0657,53097.9,757.6,1517.9,3251.3,55.0
0.400,0.500,0.700,0.200,0.280,0.0647,53078.6,734.7,1474.5,3159.5,54.4
0.400,0.500,0.800,0.200,0.320,0.0637,53089.2,704.4,1434.9,3081.5,54.8
0.400,0.500,0.900,0.200,0.360,0.0627,53099.7,705.3,1428.2,3050.1,56.7
0.400,0.500,1.000,0.200,0.400,0.0609,53131.2,673.7,1363.6,2967.2,55.9
0.400,0.600,0.600,0.240,0.240,0.0673,53075.7,756.6,1526.2,3263.9,54.9
0.400,0.600,0.700,0.240,0.280,0.0650,53128.1,724.6,1477.4,3178.6,56.5
0.400,0.600,0.800,0.240,0.320,0.0639,53122.0,699.0,1439.4,3108.9,56.3
0.400,0.600,0.900,0.240,0.360,0.0621,53119.5,680.7,1397.7,3030.9,55.9
0.400,0.600,1.000,0.240,0.400,0.0612,53162.7,664.0,1374.2,2958.2,55.6
0.400,0.700,0.700,0.280,0.280,0.0654,53107.3,714.0,1482.8,3181.8,55.9
0.400,0.700,0.800,0.280,0.320,0.0650,53120.2,707.0,1447.9,3108.7,56.7
0.400,0.700,0.900,0.280,0.360,0.0630,53129.6,686.0,1412.1,3060.2,54.6
0.400,0.700,1.000,0.280,0.400,0.0623,53162.8,660.1,1389.2,3017.8,56.0
0.400,0.800,0.800,0.320,0.320,0.0646,53055.3,689.6,1450.5,3130.2,54.7
0.400,0.800,0.900,0.320,0.360,0.0634,53137.8,676.3,1410.0,3075.9,56.5
0.400,0.800,1.000,0.320,0.400,0.0627,53032.8,668.0,1382.3,2992.2,54.2
0.400,0.900,0.900,0.360,0.360,0.0640,53071.6,677.1,1422.9,3087.3,54.9
0.400,0.900,1.000,0.360,0.400,0.0628,53105.7,670.6,1392.1,3007.5,56.3
0.400,1.000,1.000,0.400,0.400,0.0638,53132.8,664.1,1413.9,3042.1,55.5
0.500,0.100,0.100,0.050,0.050,0.0653,53179.1,810.7,1550.2,3313.3,57.9
0.500,0.100,0.200,0.050,0.100,0.0641,53152.8,771.7,1483.2,3180.8,56.3
0.500,0.100,0.300,0.050,0.150,0.0622,53187.1,757.5,1443.8,3116.9,57.9
0.500,0.100,0.400,0.050,0.200,0.0610,53209.8,707.9,1404.9,3038.0,56.5
0.500,0.100,0.500,0.050,0.250,0.0606,53166.5,695.8,1370.8,3001.5,56.0
0.500,0.100,0.600,0.050,0.300,0.0591,53268.8,683.1,1350.5,2916.1,57.4
0.500,0.100,0.700,0.050,0.350,0.0588,53318.2,681.9,1345.3,2906.9,59.4
0.500,0.100,0.800,0.050,0.400,0.0578,53279.8,644.2,1276.5,2793.7,60.3
0.500,0.100,0.900,0.050,0.450,0.0563,53320.3,638.1,1253.7,2774.8,59.0
0.500,0.100,1.000,0.050,0.500,0.0559,53194.8,617.0,1239.6,2726.6,56.8
0.500,0.200,0.200,0.100,0.100,0.0638,53159.0,765.8,1491.7,3202.6,56.1
0.500,0.200,0.300,0.100,0.150,0.0628,53018.8,733.9,1440.6,3079.3,54.8
0.500,0.200,0.400,0.100,0.200,0.0620,53149.8,719.8,1425.7,3064.2,56.3
0.500,0.200,0.500,0.100,0.250,0.0608,53172.2,687.3,1363.5,2952.8,57.9
0.500,0.200,0.600,0.100,0.300,0.0603,53218.0,678.9,1345.7,2966.0,56.7
0.500,0.200,0.700,0.100,0.350,0.0588,53275.4,653.0,1320.6,2881.2,58.4
0.500,0.200,0.800,0.100,0.400,0.0574,53272.7,647.4,1296.6,2845.0,58.8
0.500,0.200,0.900,0.100,0.450,0.0570,53252.3,624.9,1272.3,2799.8,59.6
0.500,0.200,1.000,0.100,0.500,0.0562,53337.4,611.1,1239.4,2754.8,60.6
0.500,0.300,0.300,0.150,0.150,0.0637,53126.1,737.0,1466.2,3148.8,56.5
0.500,0.300,0.400,0.150,0.200,0.0624,53163.1,717.6,1442.1,3118.0,55.7
0.500,0.300,0.500,0.150,0.250,0.0611,53080.4,690.4,1384.0,2995.7,54.4
0.500,0.300,0.600,0.150,0.300,0.0600,53159.2,676.0,1350.2,2909.0,57.9
0.500,0.300,0.700,0.150,0.350,0.0586,53270.5,650.7,1310.5,2874.2,58.0
0.500,0.300,0.800,0.150,0.400,0.0582,53269.6,631.7,1299.9,2838.3,57.8
0.500,0.300,0.900,0.150,0.450,0.0582,53248.9,629.0,1275.0,2808.4,59.1
0.500,0.300,1.000,0.150,0.500,0.0570,53245.6,597.2,1230.7,2732.4,57.7
0.500,0.400,0.400,0.200,0.200,0.0632,53120.6,705.6,1426.3,3072.5,55.1
0.500,0.400,0.500,0.200,0.250,0.0620,53233.9,684.0,1396.9,2999.1,56.3
0.500,0.400,0.600,0.200,0.300,0.0606,53197.6,668.8,1358.8,2961.0,56.6
0.500,0.400,0.700,0.200,0.350,0.0599,53181.1,648.3,1339.0,2895.2,56.4
0.500,0.400,0.800,0.200,0.400,0.0585,53223.3,630.7,1293.3,2846.6,57.8
0.500,0.400,0.900,0.200,0.450,0.0583,53181.2,618.7,1280.3,2795.2,56.8
0.500,0.400,1.000,0.200,0.500,0.0572,53295.9,609.1,1255.4,2774.8,59.3
0.500,0.500,0.500,0.250,0.250,0.0626,53095.3,672.1,1395.5,3046.5,56.0
0.500,0.500,0.600,0.250,0.300,0.0615,53112.4,659.3,1356.7,2965.0,56.6
0.500,0.500,0.700,0.250,0.350,0.0602,53154.7,645.3,1330.3,2908.7,55.8
0.500,0.500,0.800,0.250,0.400,0.0588,53065.2,623.7,1294.4,2816.8,55.2
0.500,0.500,0.900,0.250,0.450,0.0584,53186.2,626.7,1279.9,2802.2,57.1
0.500,0.500,1.000,0.250,0.500,0.0573,53200.3,588.9,1244.5,2730.8,56.9
0.500,0.600,0.600,0.300,0.300,0.0614,53131.4,650.6,1363.6,2982.8,55.0
0.500,0.600,0.700,0.300,0.350,0.0608,53125.0,642.6,1341.3,2915.9,56.4
0.500,0.600,0.800,0.300,0.400,0.0599,53153.6,634.3,1321.4,2894.4,55.9
0.500,0.600,0.900,0.300,0.450,0.0589,53282.4,613.7,1280.4,2819.0,57.9
0.500,0.600,1.000,0.300,0.500,0.0579,53264.1,595.6,1254.2,2772.1,58.3
0.500,0.700,0.700,0.350,0.350,0.0607,53098.6,634.9,1337.2,2934.7,54.8
0.500,0.700,0.800,0.350,0.400,0.0601,53126.6,624.0,1318.9,2886.9,55.6
0.500,0.700,0.900,0.350,0.450,0.0583,53188.1,606.1,1276.2,2797.1,57.4
0.500,0.700,1.000,0.350,0.500,0.0584,53186.4,596.9,1255.4,2764.8,56.7
0.500,0.800,0.800,0.400,0.400,0.0604,53131.9,625.3,1324.0,2877.2,56.3
0.500,0.800,0.900,0.400,0.450,0.0590,53158.3,607.8,1286.3,2840.1,56.0
0.500,0.800,1.000,0.400,0.500,0.0584,53191.4,593.5,1269.4,2815.1,56.2
0.500,0.900,0.900,0.450,0.450,0.0593,53139.2,615.4,1288.4,2825.6,54.7
0.500,0.900,1.000,0.450,0.500,0.0593,53161.4,597.0,1276.0,2811.9,57.1
0.500,1.000,1.000,0.500,0.500,0.0594,53183.0,593.6,1274.0,2816.4,55.7
0.600,0.100,0.100,0.060,0.060,0.0603,53241.8,684.0,1358.9,2964.7,57.4
0.600,0.100,0.200,0.060,0.120,0.0586,53153.4,678.7,1341.9,2896.2,56.5
0.600,0.100,0.300,0.060,0.180,0.0583,53291.6,663.4,1325.0,2886.4,59.6
0.600,0.100,0.400,0.060,0.240,0.0579,53286.0,645.1,1302.5,2837.1,59.5
0.600,0.100,0.500,0.060,0.300,0.0571,53319.6,620.0,1255.8,2764.0,59.7
0.600,0.100,0.600,0.060,0.360,0.0560,53217.2,623.2,1238.3,2717.9,57.0
0.600,0.100,0.700,0.060,0.420,0.0556,53340.4,606.6,1216.3,2691.4,61.1
0.600,0.100,0.800,0.060,0.480,0.0545,53332.3,582.0,1193.2,2655.8,60.6
0.600,0.100,0.900,0.060,0.540,0.0537,53361.4,574.9,1174.6,2613.3,60.4
0.600,0.100,1.000,0.060,0.600,0.0533,53296.6,556.2,1161.0,2572.4,60.5
0.600,0.200,0.200,0.120,0.120,0.0605,53211.3,676.2,1355.3,2919.1,58.0
0.600,0.200,0.300,0.120,0.180,0.0590,53215.9,654.2,1325.8,2900.0,57.1
0.600,0.200,0.400,0.120,0.240,0.0589,53243.2,646.3,1306.0,2825.6,58.1
0.600,0.200,0.500,0.120,0.300,0.0567,53234.5,623.4,1268.3,2783.7,59.0
0.600,0.200,0.600,0.120,0.360,0.0563,53254.2,598.5,1226.1,2740.9,58.0
0.600,0.200,0.700,0.120,0.420,0.0557,53277.7,579.3,1217.1,2691.6,59.3
0.600,0.200,0.800,0.120,0.480,0.0549,53326.2,590.0,1195.7,2662.4,60.6
0.600,0.200,0.900,0.120,0.540,0.0545,53371.9,580.3,1186.9,2641.6,59.3
0.600,0.200,1.000,0.120,0.600,0.0531,53332.8,563.2,1162.9,2584.5,59.2
0.600,0.300,0.300,0.180,0.180,0.0596,53198.9,658.1,1335.9,2902.0,58.0
0.600,0.300,0.400,0.180,0.240,0.0589,53279.9,629.2,1295.4,2853.3,59.0
0.600,0.300,0.500,0.180,0.300,0.0585,53323.7,638.2,1299.1,2839.0,60.7
0.600,0.300,0.600,0.180,0.360,0.0565,53243.2,598.4,1256.5,2756.0,57.7
0.600,0.300,0.700,0.180,0.420,0.0557,53162.5,586.2,1220.5,2696.3,58.0
0.600,0.300,0.800,0.180,0.480,0.0555,53277.9,583.6,1213.1,2678.2,58.3
0.600,0.300,0.900,0.180,0.540,0.0547,53287.1,579.3,1188.9,2641.7,58.0
0.600,0.300,1.000,0.180,0.600,0.0538,53328.0,547.3,1165.9,2589.1,59.7
0.600,0.400,0.400,0.240,0.240,0.0601,53134.3,636.8,1310.8,2849.9,57.5
0.600,0.400,0.500,0.240,0.300,0.0589,53220.8,620.1,1289.2,2809.0,57.5
0.600,0.400,0.600,0.240,0.360,0.0570,53188.0,607.6,1255.1,2775.9,57.4
0.600,0.400,0.700,0.240,0.420,0.0571,53333.6,603.8,1245.2,2751.7,59.4
0.600,0.400,0.800,0.240,0.480,0.0560,53280.2,584.9,1217.6,2687.0,58.4
0.600,0.400,0.900,0.240,0.540,0.0551,53308.0,561.1,1187.7,2647.1,60.5
0.600,0.400,1.000,0.240,0.600,0.0546,53328.6,564.4,1187.3,2628.5,60.3
0.600,0.500,0.500,0.300,0.300,0.0582,53175.2,603.0,1267.3,2829.9,56.9
0.600,0.500,0.600,0.300,0.360,0.0578,53219.7,609.7,1251.3,2762.0,58.0
0.600,0.500,0.700,0.300,0.420,0.0571,53188.7,590.5,1240.2,2748.7,58.1
0.600,0.500,0.800,0.300,0.480,0.0561,53237.5,567.2,1197.7,2676.6,58.1
0.600,0.500,0.900,0.300,0.540,0.0553,53242.2,564.8,1175.9,2655.4,57.8
0.600,0.500,1.000,0.300,0.600,0.0548,53317.1,555.6,1166.4,2616.3,57.8
0.600,0.600,0.600,0.360,0.360,0.0583,53190.5,601.8,1265.4,2783.9,56.8
0.600,0.600,0.700,0.360,0.420,0.0574,53168.3,585.6,1245.6,2733.3,57.6
0.600,0.600,0.800,0.360,0.480,0.0564,53240.2,586.6,1233.5,2745.3,57.8
0.600,0.600,0.900,0.360,0.540,0.0560,53277.3,561.0,1183.2,2646.8,58.1
0.600,0.600,1.000,0.360,0.600,0.0554,53293.2,551.9,1184.6,2627.1,59.3
0.600,0.700,0.700,0.420,0.420,0.0574,53094.1,580.1,1236.9,2728.3,57.1
0.600,0.700,0.800,0.420,0.480,0.0567,53188.8,573.9,1224.6,2706.5,57.1
0.600,0.700,0.900,0.420,0.540,0.0560,53159.2,563.4,1197.1,2663.3,55.6
0.600,0.700,1.000,0.420,0.600,0.0547,53192.7,558.8,1185.3,2646.8,56.7
0.600,0.800,0.800,0.480,0.480,0.0577,53124.1,573.4,1245.5,2715.2,56.3
0.600,0.800,0.900,0.480,0.540,0.0567,53188.3,555.4,1202.3,2688.8,57.7
0.600,0.800,1.000,0.480,0.600,0.0555,53257.2,562.1,1197.5,2653.2,59.6
0.600,0.900,0.900,0.540,0.540,0.0569,53162.6,553.7,1211.7,2688.8,57.2
0.600,0.900,1.000,0.540,0.600,0.0562,53252.6,548.9,1186.1,2651.5,57.7
0.600,1.000,1.000,0.600,0.600,0.0572,53137.1,544.4,1182.5,2647.7,56.2
0.700,0.100,0.100,0.070,0.070,0.0566,53295.8,626.0,1259.4,2750.9,58.9
0.700,0.100,0.200,0.070,0.140,0.0564,53376.7,615.4,1250.1,2781.0,60.0
0.700,0.100,0.300,0.070,0.210,0.0554,53346.4,604.4,1210.9,2716.0,58.7
0.700,0.100,0.400,0.070,0.280,0.0554,53327.3,590.4,1211.3,2666.0,59.2
0.700,0.100,0.500,0.070,0.350,0.0539,53278.2,595.9,1189.8,2624.2,57.4
0.700,0.100,0.600,0.070,0.420,0.0541,53398.9,564.1,1171.7,2615.0,60.7
0.700,0.100,0.700,0.070,0.490,0.0532,53356.7,565.3,1153.4,2600.9,59.2
0.700,0.100,0.800,0.070,0.560,0.0527,53312.4,542.8,1120.0,2523.6,58.7
0.700,0.100,0.900,0.070,0.630,0.0520,53382.3,535.5,1118.6,2542.2,61.2
0.700,0.100,1.000,0.070,0.700,0.0517,53406.3,530.1,1110.8,2512.9,61.0
0.700,0.200,0.200,0.140,0.140,0.0567,53261.7,620.6,1249.4,2769.0,58.0
0.700,0.200,0.300,0.140,0.210,0.0559,53327.4,604.7,1244.2,2710.4,59.5
0.700,0.200,0.400,0.140,0.280,0.0552,53271.0,586.6,1204.8,2655.0,59.3
0.700,0.200,0.500,0.140,0.350,0.0544,53279.6,580.3,1179.7,2642.5,59.0
0.700,0.200,0.600,0.140,0.420,0.0541,53347.5,570.3,1181.3,2605.2,60.9
0.700,0.200,0.700,0.140,0.490,0.0536,53355.4,562.6,1152.8,2566.5,59.8
0.700,0.200,0.800,0.140,0.560,0.0528,53299.2,546.0,1141.1,2541.4,59.2
0.700,0.200,0.900,0.140,0.630,0.0528,53385.0,539.0,1129.2,2539.8,60.5
0.700,0.200,1.000,0.140,0.700,0.0524,53440.0,531.2,1114.6,2512.7,61.7
0.700,0.300,0.300,0.210,0.210,0.0563,53244.2,602.9,1239.8,2732.0,58.2
0.700,0.300,0.400,0.210,0.280,0.0560,53302.5,594.9,1208.1,2712.2,59.6
0.700,0.300,0.500,0.210,0.350,0.0548,53298.2,570.6,1186.8,2644.3,58.4
0.700,0.300,0.600,0.210,0.420,0.0544,53333.8,561.7,1168.9,2603.2,60.7
0.700,0.300,0.700,0.210,0.490,0.0539,53223.0,553.1,1166.2,2587.0,58.8
0.700,0.300,0.800,0.210,0.560,0.0532,53322.8,548.6,1150.3,2556.1,58.7
0.700,0.300,0.900,0.210,0.630,0.0525,53337.9,533.9,1118.5,2532.1,60.3
0.700,0.300,1.000,0.210,0.700,0.0525,53408.0,525.8,1117.9,2505.5,61.3
0.700,0.400,0.400,0.280,0.280,0.0564,53311.5,584.4,1224.3,2709.8,59.4
0.700,0.400,0.500,0.280,0.350,0.0560,53291.8,579.6,1217.0,2673.6,59.9
0.700,0.400,0.600,0.280,0.420,0.0549,53320.3,562.8,1182.7,2647.8,59.4
0.700,0.400,0.700,0.280,0.490,0.0540,53311.1,549.8,1164.3,2606.7,59.9
0.700,0.400,0.800,0.280,0.560,0.0542,53331.7,544.5,1148.5,2588.5,60.7
0.700,0.400,0.900,0.280,0.630,0.0535,53318.7,549.0,1142.7,2568.3,58.6
0.700,0.400,1.000,0.280,0.700,0.0530,53366.2,536.4,1126.8,2522.9,61.6
0.700,0.500,0.500,0.350,0.350,0.0565,53295.5,575.9,1226.3,2726.6,59.9
0.700,0.500,0.600,0.350,0.420,0.0555,53332.9,565.4,1194.3,2657.6,58.8
0.700,0.500,0.700,0.350,0.490,0.0556,53315.5,557.6,1176.9,2612.7,58.9
0.700,0.500,0.800,0.350,0.560,0.0542,53265.4,543.2,1147.6,2585.6,58.3
0.700,0.500,0.900,0.350,0.630,0.0541,53213.3,542.7,1145.0,2542.4,56.5
0.700,0.500,1.000,0.350,0.700,0.0528,53300.8,531.4,1128.2,2546.6,59.1
0.700,0.600,0.600,0.420,0.420,0.0566,53265.8,559.4,1192.8,2661.2,58.7
0.700,0.600,0.700,0.420,0.490,0.0552,53189.6,554.5,1179.7,2623.3,57.4
0.700,0.600,0.800,0.420,0.560,0.0548,53209.9,539.4,1160.7,2610.2,56.8
0.700,0.600,0.900,0.420,0.630,0.0540,53250.8,534.6,1142.7,2559.1,58.2
0.700,0.600,1.000,0.420,0.700,0.0540,53343.2,535.6,1134.0,2561.4,59.1
0.700,0.700,0.700,0.490,0.490,0.0561,53137.0,546.1,1177.7,2640.3,56.1
0.700,0.700,0.800,0.490,0.560,0.0549,53256.7,551.7,1183.4,2625.3,58.0
0.700,0.700,0.900,0.490,0.630,0.0549,53230.3,535.6,1154.3,2584.7,57.6
0.700,0.700,1.000,0.490,0.700,0.0537,53191.2,532.8,1136.3,2556.4,57.7
0.700,0.800,0.800,0.560,0.560,0.0555,53231.2,540.1,1166.6,2602.9,58.0
0.700,0.800,0.900,0.560,0.630,0.0554,53239.7,541.5,1173.1,2633.2,57.2
0.700,0.800,1.000,0.560,0.700,0.0540,53251.9,522.0,1143.1,2583.1,57.5
0.700,0.900,0.900,0.630,0.630,0.0549,53161.3,523.7,1150.6,2596.6,56.7
0.700,0.900,1.000,0.630,0.700,0.0550,53235.4,525.5,1149.9,2577.6,57.3
0.700,1.000,1.000,0.700,0.700,0.0555,53185.2,525.6,1144.2,2593.5,57.6
0.800,0.100,0.100,0.080,0.080,0.0538,53318.0,582.3,1181.6,2621.0,59.9
0.800,0.100,0.200,0.080,0.160,0.0535,53428.2,572.5,1170.3,2609.0,60.8
0.800,0.100,0.300,0.080,0.240,0.0538,53385.9,569.0,1153.9,2576.7,61.8
0.800,0.100,0.400,0.080,0.320,0.0529,53394.2,558.5,1158.7,2576.7,61.8
0.800,0.100,0.500,0.080,0.400,0.0531,53349.2,540.3,1123.8,2517.7,61.6
0.800,0.100,0.600,0.080,0.480,0.0520,53345.6,539.4,1114.8,2491.2,59.2
0.800,0.100,0.700,0.080,0.560,0.0513,53413.3,538.3,1101.0,2493.1,61.5
0.800,0.100,0.800,0.080,0.640,0.0511,53465.5,516.0,1085.7,2469.2,62.5
0.800,0.100,0.900,0.080,0.720,0.0503,53437.1,516.7,1072.2,2395.9,61.1
0.800,0.100,1.000,0.080,0.800,0.0509,53466.0,516.4,1086.2,2431.0,62.0
0.800,0.200,0.200,0.160,0.160,0.0541,53326.5,558.7,1169.1,2608.7,60.0
0.800,0.200,0.300,0.160,0.240,0.0531,53337.0,546.8,1151.1,2582.7,58.5
0.800,0.200,0.400,0.160,0.320,0.0532,53368.1,549.5,1149.2,2551.1,60.1
0.800,0.200,0.500,0.160,0.400,0.0528,53371.2,539.9,1124.8,2522.1,61.1
0.800,0.200,0.600,0.160,0.480,0.0520,53380.7,538.3,1103.5,2513.2,59.0
0.800,0.200,0.700,0.160,0.560,0.0520,53317.2,515.1,1091.5,2466.1,57.9
0.800,0.200,0.800,0.160,0.640,0.0513,53391.9,514.9,1090.0,2487.2,60.6
0.800,0.200,0.900,0.160,0.720,0.0518,53447.4,521.6,1092.0,2471.4,61.1
0.800,0.200,1.000,0.160,0.800,0.0514,53439.8,513.6,1089.4,2468.8,63.1
0.800,0.300,0.300,0.240,0.240,0.0538,53307.8,554.6,1155.6,2613.7,58.9
0.800,0.300,0.400,0.240,0.320,0.0534,53288.7,550.0,1149.7,2582.8,58.9
0.800,0.300,0.500,0.240,0.400,0.0530,53359.8,538.9,1140.5,2562.3,60.5
0.800,0.300,0.600,0.240,0.480,0.0529,53336.4,539.6,1138.2,2532.6,59.7
0.800,0.300,0.700,0.240,0.560,0.0527,53390.5,520.3,1120.1,2513.2,60.6
0.800,0.300,0.800,0.240,0.640,0.0518,53406.9,527.2,1096.6,2489.0,60.6
0.800,0.300,0.900,0.240,0.720,0.0515,53329.3,520.9,1101.0,2465.0,59.8
0.800,0.300,1.000,0.240,0.800,0.0512,53367.4,517.4,1083.9,2457.8,60.6
0.800,0.400,0.400,0.320,0.320,0.0541,53239.1,541.9,1156.0,2565.9,58.5
0.800,0.400,0.500,0.320,0.400,0.0539,53298.8,551.1,1154.5,2559.4,59.9
0.800,0.400,0.600,0.320,0.480,0.0526,53336.9,534.2,1133.0,2552.3,59.2
0.800,0.400,0.700,0.320,0.560,0.0533,53309.8,531.2,1126.7,2539.9,59.0
0.800,0.400,0.800,0.320,0.640,0.0526,53322.8,521.7,1116.2,2493.8,59.9
0.800,0.400,0.900,0.320,0.720,0.0522,53366.7,520.5,1109.8,2502.9,60.9
0.800,0.400,1.000,0.320,0.800,0.0518,53330.0,517.3,1088.1,2458.2,58.5
0.800,0.500,0.500,0.400,0.400,0.0544,53189.6,542.5,1154.1,2574.0,56.7
0.800,0.500,0.600,0.400,0.480,0.0543,53317.6,536.5,1138.0,2558.3,58.7
0.800,0.500,0.700,0.400,0.560,0.0537,53308.2,535.1,1128.4,2529.6,59.5
0.800,0.500,0.800,0.400,0.640,0.0528,53340.4,526.2,1117.9,2538.7,60.4
0.800,0.500,0.900,0.400,0.720,0.0528,53343.1,523.9,1118.8,2516.5,60.1
0.800,0.500,1.000,0.400,0.800,0.0524,53319.4,513.8,1098.6,2470.1,59.6
0.800,0.600,0.600,0.480,0.480,0.0543,53310.9,528.9,1130.4,2571.3,59.4
0.800,0.600,0.700,0.480,0.560,0.0540,53224.4,522.7,1130.9,2547.9,58.7
0.800,0.600,0.800,0.480,0.640,0.0538,53218.5,523.7,1109.4,2509.8,58.0
0.800,0.600,0.900,0.480,0.720,0.0530,53282.9,517.6,1105.6,2505.5,58.1
0.800,0.600,1.000,0.480,0.800,0.0527,53378.8,514.1,1103.3,2514.3,61.1
0.800,0.700,0.700,0.560,0.560,0.0547,53255.2,522.7,1137.8,2560.7,59.3
0.800,0.700,0.800,0.560,0.640,0.0539,53331.5,520.4,1127.4,2549.6,60.1
0.800,0.700,0.900,0.560,0.720,0.0535,53284.5,537.5,1124.6,2554.8,57.7
0.800,0.700,1.000,0.560,0.800,0.0525,53194.9,511.1,1102.6,2496.0,57.5
0.800,0.800,0.800,0.640,0.640,0.0539,53237.9,524.8,1126.4,2555.2,58.6
0.800,0.800,0.900,0.640,0.720,0.0536,53108.4,513.5,1113.6,2534.4,56.8
0.800,0.800,1.000,0.640,0.800,0.0541,53266.9,524.3,1130.9,2523.6,60.0
0.800,0.900,0.900,0.720,0.720,0.0539,53198.6,504.6,1101.5,2530.8,57.8
0.800,0.900,1.000,0.720,0.800,0.0536,53219.9,511.8,1110.3,2527.5,57.5
0.800,1.000,1.000,0.800,0.800,0.0540,53206.7,503.5,1104.7,2555.7,57.0
0.900,0.100,0.100,0.090,0.090,0.0518,53404.2,536.6,1119.0,2487.1,62.1
0.900,0.100,0.200,0.090,0.180,0.0511,53361.8,514.5,1079.8,2453.0,60.1
0.900,0.100,0.300,0.090,0.270,0.0513,53400.6,523.3,1090.5,2468.5,60.5
0.900,0.100,0.400,0.090,0.360,0.0514,53375.1,523.3,1096.7,2467.2,60.6
0.900,0.100,0.500,0.090,0.450,0.0512,53448.9,517.3,1087.5,2446.2,62.3
0.900,0.100,0.600,0.090,0.540,0.0514,53459.8,516.3,1080.5,2436.2,62.1
0.900,0.100,0.700,0.090,0.630,0.0504,53443.3,509.9,1084.9,2433.6,62.2
0.900,0.100,0.800,0.090,0.720,0.0504,53453.8,521.2,1064.5,2405.4,62.7
0.900,0.100,0.900,0.090,0.810,0.0498,53442.5,502.5,1060.6,2388.9,63.6
0.900,0.100,1.000,0.090,0.900,0.0506,53447.7,496.0,1051.2,2375.4,64.1
0.900,0.200,0.200,0.180,0.180,0.0522,53486.2,534.0,1124.2,2523.6,61.9
0.900,0.200,0.300,0.180,0.270,0.0520,53393.7,527.9,1109.0,2486.4,61.6
0.900,0.200,0.400,0.180,0.360,0.0516,53437.3,529.9,1104.1,2486.2,62.9
0.900,0.200,0.500,0.180,0.450,0.0514,53348.5,515.7,1081.1,2455.3,59.7
0.900,0.200,0.600,0.180,0.540,0.0509,53354.8,515.1,1079.5,2429.1,59.5
0.900,0.200,0.700,0.180,0.630,0.0511,53411.2,511.5,1080.6,2431.3,61.3
0.900,0.200,0.800,0.180,0.720,0.0505,53397.2,502.6,1060.0,2420.7,59.7
0.900,0.200,0.900,0.180,0.810,0.0503,53390.1,513.9,1074.1,2439.4,59.8
0.900,0.200,1.000,0.180,0.900,0.0502,53524.2,507.1,1056.7,2424.2,62.5
0.900,0.300,0.300,0.270,0.270,0.0525,53375.4,530.6,1107.9,2517.6,59.9
0.900,0.300,0.400,0.270,0.360,0.0523,53371.8,517.1,1085.9,2477.3,61.5
0.900,0.300,0.500,0.270,0.450,0.0514,53427.0,514.6,1096.6,2501.7,61.4
0.900,0.300,0.600,0.270,0.540,0.0516,53354.3,515.3,1087.1,2475.1,60.3
0.900,0.300,0.700,0.270,0.630,0.0521,53320.7,522.1,1096.3,2472.7,60.4
0.900,0.300,0.800,0.270,0.720,0.0512,53370.2,509.0,1087.3,2446.8,60.3
0.900,0.300,0.900,0.270,0.810,0.0510,53449.1,517.7,1094.2,2464.7,61.6
0.900,0.300,1.000,0.270,0.900,0.0509,53421.6,502.9,1057.5,2455.2,61.0
0.900,0.400,0.400,0.360,0.360,0.0527,53332.1,528.5,1120.1,2511.6,59.2
0.900,0.400,0.500,0.360,0.450,0.0522,53411.3,516.4,1097.8,2480.4,60.4
0.900,0.400,0.600,0.360,0.540,0.0522,53385.2,520.2,1088.0,2470.6,61.6
0.900,0.400,0.700,0.360,0.630,0.0516,53368.1,510.9,1090.3,2463.7,59.7
0.900,0.400,0.800,0.360,0.720,0.0518,53358.0,509.8,1092.1,2451.2,60.2
0.900,0.400,0.900,0.360,0.810,0.0519,53427.2,507.9,1082.1,2455.4,61.9
0.900,0.400,1.000,0.360,0.900,0.0518,53366.2,499.7,1072.0,2455.7,61.2
0.900,0.500,0.500,0.450,0.450,0.0523,53357.1,515.2,1098.7,2499.3,59.4
0.900,0.500,0.600,0.450,0.540,0.0526,53366.4,507.4,1098.8,2517.0,61.4
0.900,0.500,0.700,0.450,0.630,0.0524,53361.0,512.7,1102.8,2501.6,59.9
0.900,0.500,0.800,0.450,0.720,0.0512,53355.4,506.2,1084.3,2483.8,59.4
0.900,0.500,0.900,0.450,0.810,0.0522,53352.6,513.4,1084.0,2475.1,59.1
0.900,0.500,1.000,0.450,0.900,0.0510,53288.2,500.1,1069.1,2418.0,59.5
0.900,0.600,0.600,0.540,0.540,0.0534,53231.2,517.6,1104.9,2503.0,57.6
0.900,0.600,0.700,0.540,0.630,0.0525,53245.0,512.3,1097.8,2472.3,59.1
0.900,0.600,0.800,0.540,0.720,0.0526,53334.1,516.0,1097.1,2514.3,59.7
0.900,0.600,0.900,0.540,0.810,0.0525,53381.0,508.5,1104.3,2480.7,61.4
0.900,0.600,1.000,0.540,0.900,0.0523,53301.4,503.3,1072.0,2462.3,58.5
0.900,0.700,0.700,0.630,0.630,0.0538,53308.2,505.9,1111.3,2542.5,58.9
0.900,0.700,0.800,0.630,0.720,0.0529,53263.7,503.1,1090.1,2474.8,57.4
0.900,0.700,0.900,0.630,0.810,0.0530,53284.7,504.6,1098.1,2499.3,58.3
0.900,0.700,1.000,0.630,0.900,0.0524,53337.4,505.0,1089.9,2492.0,59.0
0.900,0.800,0.800,0.720,0.720,0.0538,53198.6,513.1,1117.7,2530.0,57.7
0.900,0.800,0.900,0.720,0.810,0.0532,53268.5,502.9,1101.0,2504.5,59.0
0.900,0.800,1.000,0.720,0.900,0.0527,53245.3,508.1,1101.3,2525.7,56.4
0.900,0.900,0.900,0.810,0.810,0.0537,53172.8,501.4,1110.8,2505.9,57.7
0.900,0.900,1.000,0.810,0.900,0.0535,53189.5,502.1,1105.6,2510.0,56.1
0.900,1.000,1.000,0.900,0.900,0.0543,53234.9,511.4,1113.8,2525.1,57.2
1.000,0.100,0.100,0.100,0.100,0.0502,53524.1,501.2,1050.1,2392.9,62.3
1.000,0.100,0.200,0.100,0.200,0.0498,53461.3,503.3,1056.8,2396.9,62.6
1.000,0.100,0.300,0.100,0.300,0.0492,53401.5,497.0,1050.9,2363.9,61.1
1.000,0.100,0.400,0.100,0.400,0.0501,53398.4,499.8,1051.7,2408.4,60.8
1.000,0.100,0.500,0.100,0.500,0.0499,53514.1,495.5,1044.3,2399.4,62.3
1.000,0.100,0.600,0.100,0.600,0.0497,53407.1,490.8,1046.6,2360.1,61.6
1.000,0.100,0.700,0.100,0.700,0.0500,53448.6,508.6,1056.7,2376.9,62.7
1.000,0.100,0.800,0.100,0.800,0.0507,53500.8,506.8,1058.6,2405.6,63.3
1.000,0.100,0.900,0.100,0.900,0.0492,53510.8,500.8,1053.8,2397.1,63.0
1.000,0.100,1.000,0.100,1.000,0.0500,53481.1,500.2,1055.7,2390.3,60.8
1.000,0.200,0.200,0.200,0.200,0.0507,53436.4,499.2,1052.2,2415.3,61.0
1.000,0.200,0.300,0.200,0.300,0.0503,53393.8,505.6,1054.6,2418.0,61.7
1.000,0.200,0.400,0.200,0.400,0.0503,53450.2,500.1,1061.3,2423.9,61.8
1.000,0.200,0.500,0.200,0.500,0.0503,53494.9,503.5,1065.9,2418.2,62.7
1.000,0.200,0.600,0.200,0.600,0.0502,53415.8,490.0,1044.1,2395.9,61.8
1.000,0.200,0.700,0.200,0.700,0.0495,53462.1,494.6,1054.5,2413.0,62.0
1.000,0.200,0.800,0.200,0.800,0.0498,53374.9,497.8,1056.7,2376.1,60.4
1.000,0.200,0.900,0.200,0.900,0.0497,53416.3,497.3,1043.7,2391.1,61.7
1.000,0.200,1.000,0.200,1.000,0.0504,53496.3,499.4,1061.4,2430.8,62.4
1.000,0.300,0.300,0.300,0.300,0.0503,53351.8,499.4,1060.7,2427.4,60.7
1.000,0.300,0.400,0.300,0.400,0.0509,53379.3,507.1,1068.5,2407.5,60.3
1.000,0.300,0.500,0.300,0.500,0.0504,53369.1,500.2,1064.6,2427.0,60.6
1.000,0.300,0.600,0.300,0.600,0.0503,53351.0,500.9,1060.7,2402.3,60.5
1.000,0.300,0.700,0.300,0.700,0.0509,53446.5,496.6,1063.4,2425.3,62.4
1.000,0.300,0.800,0.300,0.800,0.0513,53407.0,506.4,1064.8,2425.5,61.1
1.000,0.300,0.900,0.300,0.900,0.0509,53456.8,509.6,1077.0,2444.0,62.6
1.000,0.300,1.000,0.300,1.000,0.0504,53408.3,504.1,1056.9,2423.9,59.9
1.000,0.400,0.400,0.400,0.400,0.0512,53376.7,492.8,1061.8,2440.4,59.9
1.000,0.400,0.500,0.400,0.500,0.0512,53322.1,503.1,1071.2,2420.5,58.7
1.000,0.400,0.600,0.400,0.600,0.0515,53365.8,506.8,1067.8,2423.0,60.5
1.000,0.400,0.700,0.400,0.700,0.0512,53339.6,499.9,1077.8,2416.2,60.0
1.000,0.400,0.800,0.400,0.800,0.0512,53350.1,497.6,1069.4,2436.4,59.0
1.000,0.400,0.900,0.400,0.900,0.0509,53417.6,503.9,1063.0,2413.3,60.6
1.000,0.400,1.000,0.400,1.000,0.0513,53406.6,500.4,1072.8,2454.8,62.3
1.000,0.500,0.500,0.500,0.500,0.0515,53457.6,513.4,1086.2,2456.2,60.7
1.000,0.500,0.600,0.500,0.600,0.0517,53368.1,505.8,1089.7,2467.7,60.4
1.000,0.500,0.700,0.500,0.700,0.0519,53324.8,513.2,1089.8,2454.3,58.9
1.000,0.500,0.800,0.500,0.800,0.0516,53309.5,503.3,1080.5,2441.5,58.8
1.000,0.500,0.900,0.500,0.900,0.0514,53434.9,498.9,1080.8,2446.0,60.7
1.000,0.500,1.000,0.500,1.000,0.0519,53308.8,502.4,1068.7,2442.0,58.9
1.000,0.600,0.600,0.600,0.600,0.0522,53228.2,493.2,1072.4,2444.8,59.5
1.000,0.600,0.700,0.600,0.700,0.0524,53206.0,508.0,1081.2,2470.1,58.2
1.000,0.600,0.800,0.600,0.800,0.0520,53369.1,502.2,1089.8,2469.8,60.2
1.000,0.600,0.900,0.600,0.900,0.0524,53316.8,508.1,1086.8,2456.0,60.1
1.000,0.600,1.000,0.600,1.000,0.0522,53315.3,501.1,1083.8,2458.7,59.8
1.000,0.700,0.700,0.700,0.700,0.0529,53259.3,504.6,1093.8,2468.2,58.8
1.000,0.700,0.800,0.700,0.800,0.0518,53257.8,496.8,1085.6,2473.0,58.6
1.000,0.700,0.900,0.700,0.900,0.0529,53247.1,499.5,1090.8,2496.5,57.4
1.000,0.700,1.000,0.700,1.000,0.0527,53202.2,499.6,1090.3,2493.4,57.3
1.000,0.800,0.800,0.800,0.800,0.0532,53173.7,502.5,1092.1,2508.2,55.8
1.000,0.800,0.900,0.800,0.900,0.0536,53247.1,505.1,1091.8,2511.1,59.5
1.000,0.800,1.000,0.800,1.000,0.0532,53202.8,502.7,1091.7,2477.5,57.2
1.000,0.900,0.900,0.900,0.900,0.0536,53139.4,505.6,1099.0,2524.3,55.6
1.000,0.900,1.000,0.900,1.000,0.0539,53176.2,503.8,1111.3,2535.3,56.4
1.000,1.000,1.000,1.000,1.000,0.0545,53066.4,510.4,1114.6,2510.8,56.0
